,consumption,investment,net_exports
0,-1.8299415682958193,0.8775817964954126,0.39831479812523113
1,-0.6336698838373848,0.3047454227572477,0.058960264204715084
